USE FARMACIA
CREATE TABLE MEDICAMENTOS(
MedID INT,
MedDesc VARCHAR(50),
MedMonodroga VARCHAR(50)
)
CREATE TABLE PROVINCIAS(
ProvinciaID INT,
ProvinciaDesc VARCHAR(20)
)
CREATE TABLE CLINICAS(
ClinicaID INT,
ClinicaDesc VARCHAR(20),
ProvinciaID INT
)
CREATE TABLE DISPENSAS(
DispensaID INT,
PacienteID INT,
MedID INT,
ClinicaID INT,
Fecha DATE
)
CREATE TABLE PACIENTES(
PacienteID INT,
Nombre VARCHAR(20),
Apellido VARCHAR(20),
ProvinciaID INT,
TitularID INT
)
INSERT INTO MEDICAMENTOS VALUES(1,'BICARDIL A 10/10','BISOPROLOL')
INSERT INTO MEDICAMENTOS VALUES(2,'BICARDIL A 10/5','BISOPROLOL')
INSERT INTO MEDICAMENTOS VALUES(3,'ATECUTA BREEZHALER','INDACATEROL')
INSERT INTO MEDICAMENTOS VALUES(4,'BIOPONIB','PONATINIB')

INSERT INTO PROVINCIAS VALUES(1,'Salta')
INSERT INTO PROVINCIAS VALUES(2,'CABA')

INSERT INTO CLINICAS VALUES(1,'CLINICA A',1)
INSERT INTO CLINICAS VALUES(2,'CLINICA B',2)
INSERT INTO CLINICAS VALUES(3,'CLINICA C',1)
INSERT INTO CLINICAS VALUES(4,'CLINICA D',0)

INSERT INTO PACIENTES VALUES(1,'Juan','Perez',1,0)
INSERT INTO PACIENTES VALUES(2,'Jose','Messi',2,0)
INSERT INTO PACIENTES VALUES(3,'Lucas','Perez',1,1)
INSERT INTO PACIENTES VALUES(4,'Martin','Messi',1,2)
INSERT INTO PACIENTES VALUES(5,'Raul','Rojo',1,0)

INSERT INTO DISPENSAS VALUES(1,1,1,1,'08/01/2023')
INSERT INTO DISPENSAS VALUES(2,2,4,1,'08/01/2023')
INSERT INTO DISPENSAS VALUES(3,3,3,1,'08/01/2023')
INSERT INTO DISPENSAS VALUES(4,1,3,3,'08/08/2023')
INSERT INTO DISPENSAS VALUES(5,1,4,1,'08/02/2023')
INSERT INTO DISPENSAS VALUES(6,2,2,2,'08/10/2023')
INSERT INTO DISPENSAS VALUES(7,3,4,2,'09/01/2023')
INSERT INTO DISPENSAS VALUES(8,2,3,3,'09/01/2023')
INSERT INTO DISPENSAS VALUES(9,2,1,4,'09/02/2023')
INSERT INTO DISPENSAS VALUES(10,4,4,4,'09/01/2023')
